step,mloss,gloss,loss
100,0.3187,1.1609,1.4796
200,0.2885,1.0025,1.291
300,0.2769,1.0007,1.2775999999999998
400,0.2747,0.9846,1.2593
500,0.2862,0.9855,1.2717
600,0.2893,0.998,1.2873
700,0.2863,0.9998,1.2861
800,0.2731,0.9971,1.2702
900,0.2914,0.9684,1.2598
1000,0.2831,0.8872,1.1703000000000001
1100,0.285,0.8629,1.1479
1200,0.2819,0.8472,1.1291
1300,0.2855,0.8479,1.1334
1400,0.2821,0.8367,1.1188
1500,0.2832,0.8226,1.1058
1600,0.2897,0.8341,1.1238
1700,0.2856,0.8608,1.1464
1800,0.2947,0.8355,1.1302
1900,0.3091,0.8408,1.1499
2000,0.31,0.8639,1.1739
2100,0.3054,0.8493,1.1547
2200,0.3059,0.8463,1.1522000000000001
2300,0.3057,0.8473,1.153
2400,0.3054,0.8455,1.1509
2500,0.3027,0.8446,1.1473
2600,0.3061,0.8415,1.1476
2700,0.3045,0.8433,1.1478000000000002
2800,0.302,0.8413,1.1433
2900,0.3026,0.8413,1.1439
3000,0.3039,0.8409,1.1448
3100,0.3022,0.8403,1.1425
3200,0.3012,0.8412,1.1423999999999999
3300,0.3022,0.838,1.1402
3400,0.3023,0.8399,1.1421999999999999
3500,0.3011,0.8384,1.1395
3600,0.3014,0.8375,1.1389
3700,0.3024,0.8399,1.1423
3800,0.3005,0.8375,1.138
3900,0.3009,0.8377,1.1386
4000,0.3002,0.8392,1.1394
4100,0.3015,0.8391,1.1406
4200,0.2999,0.8387,1.1386
4300,0.3003,0.8378,1.1381000000000001
4400,0.3032,0.8389,1.1421000000000001
4500,0.3017,0.8382,1.1399
4600,0.3005,0.8389,1.1394
4700,0.3017,0.8384,1.1401000000000001
4800,0.301,0.8375,1.1385
4900,0.3012,0.8369,1.1381000000000001
5000,0.3001,0.838,1.1381
5100,0.3013,0.8392,1.1404999999999998
5200,0.3013,0.8374,1.1387
5300,0.3014,0.8307,1.1320999999999999
5400,0.2996,0.8384,1.138
5500,0.2991,0.843,1.1421
5600,0.3011,0.839,1.1401
5700,0.2994,0.837,1.1364
5800,0.2998,0.8386,1.1384
5900,0.3009,0.8382,1.1391
6000,0.299,0.8375,1.1365
6100,0.3006,0.8371,1.1377
6200,0.3003,0.8367,1.137
6300,0.2998,0.8342,1.1340000000000001
6400,0.2997,0.8348,1.1345
6500,0.2988,0.8359,1.1347
6600,0.3007,0.8359,1.1366
6700,0.3003,0.8368,1.1371
6800,0.3006,0.8357,1.1362999999999999
6900,0.3015,0.835,1.1364999999999998
7000,0.3001,0.8355,1.1356
7100,0.2998,0.8352,1.135
7200,0.3006,0.8368,1.1374
7300,0.3009,0.8351,1.136
7400,0.2994,0.8366,1.1360000000000001
7500,0.3007,0.835,1.1357
7600,0.3003,0.8339,1.1341999999999999
7700,0.3,0.8342,1.1342
7800,0.2995,0.8341,1.1336
7900,0.2992,0.8348,1.134
8000,0.2996,0.868,1.1676
8100,0.3039,0.8602,1.1641
8200,0.3021,0.8402,1.1422999999999999
8300,0.2989,0.8365,1.1354
8400,0.2984,0.8388,1.1372
8500,0.3004,0.8363,1.1367
8600,0.3043,0.8358,1.1401
8700,0.3008,0.8356,1.1364
8800,0.3003,0.8351,1.1354
8900,0.2998,0.835,1.1348
9000,0.3021,0.8345,1.1366
9100,0.2998,0.8343,1.1341
9200,0.3004,0.8347,1.1351
9300,0.3005,0.8349,1.1354
9400,0.2998,0.8352,1.135
9500,0.2992,0.8352,1.1344
9600,0.3002,0.8339,1.1341
9700,0.3002,0.8336,1.1338
9800,0.2997,0.8346,1.1343
9900,0.2992,0.8324,1.1316000000000002
10000,0.2991,0.8353,1.1344
10100,0.2983,0.8345,1.1328
10200,0.2986,0.8348,1.1334
10300,0.2993,0.8342,1.1335000000000002
10400,0.2972,0.8351,1.1322999999999999
10500,0.2996,0.8328,1.1324
10600,0.2993,0.8347,1.134
10700,0.3006,0.8332,1.1338
10800,0.302,0.8312,1.1332
10900,0.2998,0.8319,1.1317
11000,0.2998,0.8338,1.1336
11100,0.2992,0.8334,1.1326
11200,0.3,0.8341,1.1340999999999999
11300,0.299,0.833,1.132
11400,0.299,0.832,1.131
11500,0.3003,0.8329,1.1332
11600,0.2995,0.8329,1.1324
11700,0.2989,0.8331,1.132
11800,0.2989,0.8337,1.1326
11900,0.2985,0.8337,1.1322
12000,0.3008,0.8304,1.1312
12100,0.2996,0.8323,1.1319
12200,0.2986,0.8333,1.1319
12300,0.2988,0.8335,1.1323
12400,0.2991,0.8315,1.1306
12500,0.2973,0.831,1.1282999999999999
12600,0.2974,0.8323,1.1297000000000001
12700,0.3005,0.8331,1.1336
12800,0.2995,0.832,1.1315
12900,0.2983,0.8321,1.1303999999999998
13000,0.2991,0.8327,1.1318
13100,0.3001,0.8304,1.1305
13200,0.2998,0.8316,1.1314
13300,0.3011,0.8319,1.133
13400,0.2987,0.8314,1.1301
13500,0.2999,0.8337,1.1336
13600,0.2996,0.8313,1.1309
13700,0.2995,0.83,1.1295
13800,0.2988,0.8304,1.1292
13900,0.2988,0.8311,1.1299
14000,0.2992,0.8329,1.1320999999999999
14100,0.2998,0.8307,1.1305
14200,0.2985,0.8315,1.13
14300,0.2998,0.8316,1.1314
14400,0.2988,0.8334,1.1322
14500,0.2998,0.8327,1.1325
14600,0.2986,0.8331,1.1317
14700,0.2986,0.8327,1.1313
14800,0.2997,0.8319,1.1316
14900,0.2978,0.8303,1.1281
15000,0.299,0.8311,1.1300999999999999
15100,0.2978,0.8318,1.1296
15200,0.2998,0.8304,1.1302
15300,0.2993,0.832,1.1313
15400,0.2997,0.8298,1.1295
15500,0.2997,0.8299,1.1296
15600,0.2987,0.8349,1.1336
15700,0.2996,0.838,1.1376
15800,0.2992,0.8297,1.1289
15900,0.2994,0.8317,1.1311
16000,0.2998,0.8325,1.1323
16100,0.3004,0.8334,1.1338
16200,0.2992,0.8313,1.1305
16300,0.299,0.8328,1.1318
16400,0.2989,0.8305,1.1294
16500,0.2996,0.8305,1.1301
16600,0.2941,0.8319,1.126
16700,0.298,0.8307,1.1287
16800,0.2986,0.832,1.1305999999999998
16900,0.2975,0.832,1.1295
17000,0.2985,0.831,1.1295
17100,0.2995,0.8313,1.1308
17200,0.2976,0.8317,1.1293
17300,0.2995,0.8325,1.1320000000000001
17400,0.2989,0.8299,1.1288
17500,0.2989,0.8318,1.1307
17600,0.3006,0.8303,1.1309
17700,0.2993,0.8304,1.1297000000000001
17800,0.2978,0.8312,1.129
17900,0.2955,0.8312,1.1267
18000,0.2975,0.8299,1.1274
18100,0.2985,0.836,1.1345
18200,0.2979,0.8291,1.127
18300,0.2957,0.8649,1.1606
18400,0.298,0.8367,1.1347
18500,0.2981,0.8341,1.1321999999999999
18600,0.298,0.8305,1.1285
18700,0.2978,0.8316,1.1294
18800,0.2973,0.8311,1.1284
18900,0.2986,0.8311,1.1297
19000,0.2984,0.8308,1.1292
19100,0.2996,0.8307,1.1303
19200,0.2992,0.83,1.1292
19300,0.2986,0.8324,1.131
19400,0.2999,0.8316,1.1315
19500,0.2987,0.8316,1.1303
19600,0.2993,0.8335,1.1328
19700,0.2995,0.8303,1.1298
19800,0.2981,0.8312,1.1293
19900,0.2984,0.8311,1.1295
20000,0.297,0.8304,1.1274
20100,0.2995,0.8311,1.1305999999999998
20200,0.2964,0.8308,1.1272
20300,0.2986,0.83,1.1286
20400,0.2981,0.8307,1.1288
20500,0.2998,0.8307,1.1305
20600,0.2984,0.829,1.1274
20700,0.3001,0.8315,1.1316
20800,0.2975,0.8306,1.1280999999999999
20900,0.2959,0.8299,1.1258
21000,0.2971,0.8291,1.1261999999999999
21100,0.2987,0.8303,1.129
21200,0.2982,0.8311,1.1293
21300,0.2983,0.8321,1.1303999999999998
21400,0.2993,0.8296,1.1289
21500,0.2995,0.8308,1.1303
21600,0.2982,0.8326,1.1308
21700,0.2989,0.8287,1.1276
21800,0.2986,0.8287,1.1273
21900,0.3,0.829,1.129
22000,0.2986,0.8287,1.1273
22100,0.2982,0.8306,1.1288
22200,0.298,0.8317,1.1297
22300,0.2975,0.8286,1.1261
22400,0.2991,0.832,1.1311
22500,0.2986,0.8305,1.1291
22600,0.2984,0.8286,1.127
22700,0.2977,0.8286,1.1263
22800,0.2979,0.8297,1.1276
22900,0.2992,0.8276,1.1268
23000,0.2976,0.8308,1.1284
23100,0.2977,0.8294,1.1271
23200,0.2989,0.83,1.1289
23300,0.2979,0.8294,1.1273
23400,0.2979,0.8307,1.1286
23500,0.2978,0.8299,1.1277
23600,0.2984,0.8306,1.129
23700,0.2982,0.8308,1.129
23800,0.2985,0.83,1.1284999999999998
23900,0.2993,0.831,1.1303
24000,0.2977,0.8304,1.1281
24100,0.2987,0.8307,1.1294
24200,0.2985,0.8321,1.1305999999999998
24300,0.2976,0.8306,1.1282
24400,0.3001,0.8338,1.1339
24500,0.2985,0.8319,1.1303999999999998
24600,0.3009,0.8302,1.1311
24700,0.2974,0.8311,1.1284999999999998
24800,0.2988,0.8303,1.1291
24900,0.2976,0.8297,1.1273
25000,0.298,0.8288,1.1268
25100,0.2986,0.8288,1.1274
25200,0.2996,0.8296,1.1292
25300,0.2981,0.8314,1.1295
25400,0.2968,0.8306,1.1274
25500,0.2985,0.8299,1.1284
25600,0.2976,0.8284,1.126
25700,0.2987,0.8307,1.1294
25800,0.2977,0.8279,1.1256
25900,0.2983,0.8299,1.1282
26000,0.299,0.8286,1.1276
26100,0.2976,0.828,1.1256
26200,0.298,0.8292,1.1272
26300,0.2985,0.8301,1.1286
26400,0.2981,0.8285,1.1266
26500,0.2996,0.8288,1.1284
26600,0.2975,0.8274,1.1249
26700,0.2978,0.8301,1.1279
26800,0.297,0.8301,1.1271
26900,0.298,0.8271,1.1251
27000,0.2978,0.829,1.1268
27100,0.2953,0.8299,1.1252
27200,0.298,0.8308,1.1288
27300,0.2971,0.8305,1.1276
27400,0.2967,0.8287,1.1254
27500,0.2984,0.83,1.1284
27600,0.299,0.8308,1.1298
27700,0.2979,0.8307,1.1286
27800,0.2972,0.8306,1.1278000000000001
27900,0.299,0.8286,1.1276
28000,0.297,0.83,1.127
28100,0.2988,0.83,1.1288
28200,0.2988,0.8294,1.1282
28300,0.2987,0.8324,1.1311
28400,0.2975,0.8306,1.1280999999999999
28500,0.2974,0.8296,1.127
28600,0.2993,0.8289,1.1282
28700,0.298,0.8303,1.1283
28800,0.2983,0.8299,1.1282
28900,0.2971,0.8297,1.1268
29000,0.2973,0.826,1.1233
29100,0.2983,0.8295,1.1278000000000001
29200,0.2982,0.8295,1.1277
29300,0.2978,0.831,1.1288
29400,0.296,0.8296,1.1256
29500,0.3017,0.8304,1.1321
29600,0.2968,0.8295,1.1263
29700,0.2976,0.8303,1.1279
29800,0.2979,0.8302,1.1281
29900,0.2982,0.8294,1.1276000000000002
30000,0.2977,0.8308,1.1285
30100,0.2929,0.8293,1.1222
30200,0.298,0.8298,1.1278
30300,0.2971,0.8281,1.1252
30400,0.2978,0.8284,1.1262
30500,0.2971,0.8287,1.1258
30600,0.2975,0.83,1.1275
30700,0.2983,0.8298,1.1280999999999999
30800,0.2949,0.8461,1.141
30900,0.298,0.8315,1.1295
31000,0.2981,0.8327,1.1308
31100,0.2987,0.8303,1.129
31200,0.2985,0.8303,1.1288
31300,0.2967,0.8287,1.1254
31400,0.2963,0.829,1.1253
31500,0.297,0.8292,1.1262
31600,0.2976,0.8282,1.1258
31700,0.298,0.8288,1.1268
31800,0.2984,0.83,1.1284
31900,0.2974,0.8289,1.1263
32000,0.2986,0.8296,1.1282
32100,0.299,0.8294,1.1284
32200,0.298,0.829,1.127
32300,0.2976,0.8286,1.1261999999999999
32400,0.2986,0.8303,1.1289
32500,0.2979,0.8295,1.1274
32600,0.2975,0.8288,1.1263
32700,0.2966,0.8291,1.1257
32800,0.2976,0.8292,1.1268
32900,0.2966,0.8279,1.1244999999999998
33000,0.297,0.8303,1.1273
33100,0.2981,0.8286,1.1267
33200,0.2983,0.829,1.1273
33300,0.2984,0.8289,1.1273
33400,0.2982,0.8287,1.1269
33500,0.2973,0.8295,1.1268
33600,0.2981,0.8286,1.1267
33700,0.2978,0.8287,1.1265
33800,0.2978,0.8298,1.1276
33900,0.298,0.8287,1.1267
34000,0.2979,0.8275,1.1254
34100,0.2968,0.8286,1.1254
34200,0.2983,0.8294,1.1277
34300,0.2976,0.8321,1.1297
34400,0.2978,0.8303,1.1281
34500,0.2983,0.8291,1.1274
34600,0.2974,0.8284,1.1258
34700,0.2972,0.8288,1.126
34800,0.2989,0.8293,1.1282
34900,0.2975,0.8295,1.127
35000,0.2977,0.8298,1.1275
35100,0.2982,0.8301,1.1282999999999999
35200,0.2963,0.8298,1.1261
35300,0.2981,0.8285,1.1266
35400,0.2974,0.8289,1.1263
35500,0.297,0.8277,1.1247
35600,0.2977,0.8273,1.125
35700,0.2977,0.8282,1.1259000000000001
35800,0.2976,0.8292,1.1268
35900,0.2979,0.8296,1.1275
36000,0.2967,0.8278,1.1245
36100,0.2984,0.8275,1.1259000000000001
36200,0.2982,0.8286,1.1268
36300,0.2979,0.8303,1.1282
36400,0.2994,0.8287,1.1280999999999999
36500,0.2975,0.8309,1.1284
36600,0.2982,0.8276,1.1258
36700,0.298,0.8298,1.1278
36800,0.2982,0.8287,1.1269
36900,0.2985,0.8279,1.1263999999999998
37000,0.298,0.8291,1.1271
37100,0.298,0.8304,1.1284
37200,0.2979,0.8297,1.1276
37300,0.2983,0.8306,1.1289
37400,0.2966,0.8285,1.1251
37500,0.2986,0.8294,1.1280000000000001
37600,0.2976,0.8309,1.1284999999999998
37700,0.298,0.8298,1.1278
37800,0.2964,0.8291,1.1255
37900,0.297,0.8289,1.1259
38000,0.2981,0.8283,1.1264
38100,0.297,0.8299,1.1269
38200,0.2979,0.8294,1.1273
38300,0.2981,0.8301,1.1281999999999999
38400,0.2967,0.8316,1.1283
38500,0.2974,0.8288,1.1261999999999999
38600,0.2972,0.8288,1.126
38700,0.2981,0.8289,1.127
38800,0.2984,0.8296,1.1280000000000001
38900,0.298,0.8314,1.1294
39000,0.296,0.8291,1.1251
39100,0.2987,0.829,1.1277
39200,0.2991,0.8282,1.1273
39300,0.2983,0.8292,1.1275
39400,0.2972,0.8281,1.1253
39500,0.2966,0.8291,1.1257
39600,0.2973,0.829,1.1263
39700,0.297,0.8293,1.1263
39800,0.2968,0.8317,1.1285
39900,0.2919,0.8296,1.1215
40000,0.2973,0.8299,1.1272
40100,0.298,0.8288,1.1268
40200,0.298,0.8281,1.1260999999999999
40300,0.2968,0.8278,1.1246
40400,0.2977,0.828,1.1257
40500,0.2994,0.8282,1.1276000000000002
40600,0.2976,0.8297,1.1273
40700,0.2981,0.8295,1.1276
40800,0.2988,0.8301,1.1289
40900,0.2974,0.8299,1.1273
41000,0.2977,0.8289,1.1266
41100,0.2981,0.8294,1.1275
41200,0.2973,0.8283,1.1256
41300,0.2977,0.8284,1.1261
41400,0.2978,0.8299,1.1277
41500,0.2976,0.8284,1.126
41600,0.2964,0.8283,1.1247
41700,0.298,0.828,1.126
41800,0.2965,0.8294,1.1259000000000001
41900,0.298,0.8305,1.1285
42000,0.2978,0.8278,1.1256
42100,0.2976,0.8267,1.1242999999999999
42200,0.2976,0.8292,1.1268
42300,0.2972,0.8298,1.127
42400,0.2982,0.8299,1.1280999999999999
42500,0.2968,0.8276,1.1244
42600,0.2983,0.8313,1.1296
42700,0.2974,0.8289,1.1263
42800,0.2966,0.8285,1.1251
42900,0.297,0.8294,1.1264
43000,0.298,0.8291,1.1271
43100,0.2972,0.8292,1.1264
43200,0.2964,0.8291,1.1255
43300,0.2991,0.8273,1.1264
43400,0.2977,0.8285,1.1262
43500,0.2981,0.8286,1.1267
43600,0.297,0.8294,1.1264
43700,0.2982,0.8283,1.1265
43800,0.2976,0.8295,1.1271
43900,0.2963,0.8278,1.1240999999999999
44000,0.2962,0.8295,1.1257000000000001
44100,0.2985,0.8279,1.1263999999999998
44200,0.2974,0.8276,1.125
44300,0.2976,0.8294,1.127
44400,0.2981,0.8297,1.1278
44500,0.2976,0.8278,1.1254
44600,0.2976,0.8315,1.1291
44700,0.2979,0.8275,1.1254
44800,0.2965,0.8292,1.1257000000000001
44900,0.2987,0.828,1.1267
45000,0.2983,0.8282,1.1265
45100,0.298,0.8296,1.1276
45200,0.2976,0.8292,1.1268
45300,0.2969,0.8281,1.125
45400,0.2974,0.8291,1.1265
45500,0.2967,0.8288,1.1255
45600,0.2985,0.8291,1.1276
45700,0.2979,0.8294,1.1273
45800,0.2984,0.8283,1.1267
45900,0.2962,0.8288,1.125
46000,0.2974,0.8264,1.1238000000000001
46100,0.2968,0.8296,1.1264
46200,0.296,0.8283,1.1243
46300,0.2962,0.8283,1.1245
46400,0.2974,0.8291,1.1265
46500,0.2975,0.8291,1.1265999999999998
46600,0.2985,0.8276,1.1261
46700,0.2974,0.8281,1.1255
46800,0.2984,0.8288,1.1272
46900,0.2985,0.8291,1.1276
47000,0.2981,0.8274,1.1255
47100,0.2981,0.8286,1.1267
47200,0.2988,0.8282,1.127
47300,0.2968,0.8287,1.1255
47400,0.2996,0.83,1.1296
47500,0.2972,0.8292,1.1264
47600,0.2972,0.8292,1.1264
47700,0.2978,0.8301,1.1279
47800,0.2974,0.8279,1.1253
47900,0.2984,0.8286,1.127
48000,0.2966,0.8288,1.1254
48100,0.2972,0.8281,1.1253
48200,0.297,0.8283,1.1253
48300,0.2953,0.827,1.1223
48400,0.2972,0.8284,1.1256
48500,0.2985,0.8276,1.1261
48600,0.2985,0.8285,1.127
48700,0.2972,0.8309,1.1280999999999999
48800,0.2973,0.8301,1.1274
48900,0.2977,0.83,1.1277
49000,0.2995,0.8295,1.129
49100,0.299,0.8284,1.1274
49200,0.2979,0.8279,1.1258
49300,0.2971,0.828,1.1251
49400,0.2985,0.8285,1.127
49500,0.2977,0.829,1.1267
49600,0.2966,0.8291,1.1257
49700,0.297,0.8276,1.1246
49800,0.2979,0.8287,1.1266
49900,0.2968,0.8285,1.1253
50000,0.2974,0.8284,1.1258
50100,0.2969,0.8298,1.1267
50200,0.297,0.8288,1.1258
50300,0.2975,0.8297,1.1272
50400,0.2959,0.8284,1.1243
50500,0.2979,0.8304,1.1283
50600,0.2964,0.8276,1.124
50700,0.2967,0.8314,1.1281
50800,0.2972,0.8307,1.1279
50900,0.2978,0.8272,1.125
51000,0.2973,0.8294,1.1267
51100,0.299,0.8291,1.1280999999999999
51200,0.2966,0.8302,1.1268
51300,0.2983,0.829,1.1273
51400,0.2964,0.8298,1.1261999999999999
51500,0.2967,0.8296,1.1263
51600,0.2962,0.8279,1.1240999999999999
51700,0.2977,0.8294,1.1271
51800,0.2971,0.8288,1.1259
51900,0.298,0.8291,1.1271
52000,0.2965,0.8282,1.1247
52100,0.297,0.8285,1.1255
52200,0.2972,0.8295,1.1267
52300,0.2971,0.8291,1.1261999999999999
52400,0.2965,0.828,1.1244999999999998
52500,0.2959,0.8287,1.1246
52600,0.2977,0.8289,1.1266
52700,0.2987,0.8274,1.1261
52800,0.2984,0.8298,1.1282
52900,0.2984,0.83,1.1284
53000,0.2981,0.8297,1.1278
53100,0.2978,0.8288,1.1266
53200,0.2977,0.8282,1.1259000000000001
53300,0.2979,0.8288,1.1267
53400,0.2981,0.8273,1.1254
53500,0.2961,0.8298,1.1259
53600,0.2962,0.827,1.1232
53700,0.2974,0.8277,1.1251
53800,0.2968,0.8292,1.1260000000000001
53900,0.2978,0.8283,1.1261
54000,0.2973,0.8288,1.1261
54100,0.2961,0.829,1.1251
54200,0.2983,0.8292,1.1275
54300,0.2977,0.8275,1.1252
54400,0.2981,0.8283,1.1264
54500,0.2958,0.8283,1.1241
54600,0.2974,0.8283,1.1257000000000001
54700,0.2962,0.8265,1.1227
54800,0.2975,0.8279,1.1254
54900,0.2986,0.8289,1.1275
55000,0.2974,0.8287,1.1261
55100,0.298,0.8282,1.1262
55200,0.2971,0.8284,1.1255
55300,0.2984,0.8284,1.1268
55400,0.298,0.8284,1.1264
55500,0.2954,0.8294,1.1248
55600,0.297,0.8299,1.1269
55700,0.2969,0.828,1.1249
55800,0.2966,0.829,1.1256
55900,0.2966,0.8279,1.1244999999999998
56000,0.2965,0.8285,1.125
56100,0.2982,0.8288,1.127
56200,0.2964,0.8293,1.1257000000000001
56300,0.2976,0.828,1.1256
56400,0.2971,0.8272,1.1243
56500,0.2961,0.8278,1.1239
56600,0.2972,0.8269,1.1240999999999999
56700,0.2959,0.8286,1.1245
56800,0.297,0.8312,1.1282
56900,0.2986,0.8293,1.1279
57000,0.2987,0.8279,1.1266
57100,0.2966,0.8286,1.1252
57200,0.2983,0.8281,1.1263999999999998
57300,0.2964,0.8282,1.1246
57400,0.298,0.8284,1.1264
57500,0.2978,0.8286,1.1264
57600,0.2976,0.8274,1.125
57700,0.2964,0.8278,1.1242
57800,0.2971,0.8275,1.1246
57900,0.2987,0.8301,1.1288
58000,0.2967,0.8288,1.1255
58100,0.2972,0.8283,1.1255000000000002
58200,0.2975,0.8281,1.1256
58300,0.2975,0.8285,1.126
58400,0.2977,0.8281,1.1258
58500,0.2971,0.8283,1.1254
58600,0.2976,0.8283,1.1259000000000001
58700,0.2969,0.8281,1.125
58800,0.2952,0.8285,1.1237
58900,0.2968,0.8294,1.1262
59000,0.2967,0.829,1.1257
59100,0.297,0.8284,1.1254
59200,0.297,0.8277,1.1247
59300,0.2988,0.8304,1.1292
59400,0.2987,0.8282,1.1269
59500,0.2968,0.8299,1.1267
59600,0.2968,0.829,1.1258
59700,0.2968,0.831,1.1278
59800,0.2984,0.8278,1.1261999999999999
59900,0.297,0.8266,1.1236
60000,0.2961,0.8276,1.1237
60100,0.2981,0.8286,1.1267
60200,0.2979,0.8283,1.1262
60300,0.2966,0.8283,1.1249
60400,0.2974,0.8291,1.1265
60500,0.2965,0.829,1.1255
60600,0.2965,0.8288,1.1253
60700,0.2966,0.8298,1.1263999999999998
60800,0.2969,0.827,1.1239
60900,0.2984,0.8274,1.1258
61000,0.298,0.828,1.126
61100,0.2967,0.828,1.1247
61200,0.2967,0.828,1.1247
61300,0.2974,0.8293,1.1267
61400,0.2991,0.8287,1.1278
61500,0.2971,0.8265,1.1236
61600,0.2972,0.8297,1.1269
61700,0.2978,0.8278,1.1256
61800,0.2981,0.8273,1.1254
61900,0.2965,0.8287,1.1252
62000,0.2982,0.8264,1.1246
62100,0.299,0.8297,1.1287
62200,0.2972,0.8286,1.1258
62300,0.2983,0.8281,1.1263999999999998
62400,0.2968,0.828,1.1248
62500,0.2956,0.827,1.1225999999999998
62600,0.298,0.8287,1.1267
62700,0.2968,0.8294,1.1262
62800,0.296,0.8268,1.1228
62900,0.2962,0.8296,1.1258
63000,0.296,0.829,1.125
63100,0.2959,0.8286,1.1245
63200,0.2973,0.8278,1.1251
63300,0.2985,0.8289,1.1274
63400,0.2985,0.8263,1.1248
63500,0.2971,0.8281,1.1252
63600,0.298,0.8291,1.1271
63700,0.2965,0.8285,1.125
63800,0.2977,0.8272,1.1249
63900,0.2986,0.8279,1.1265
64000,0.2985,0.8279,1.1263999999999998
64100,0.2971,0.8291,1.1261999999999999
64200,0.2967,0.8284,1.1251
64300,0.2968,0.8287,1.1255
64400,0.2977,0.829,1.1267
64500,0.297,0.8292,1.1262
64600,0.2965,0.828,1.1244999999999998
64700,0.2962,0.8279,1.1240999999999999
64800,0.2966,0.8293,1.1259000000000001
64900,0.2971,0.8279,1.125
65000,0.2961,0.8287,1.1248
65100,0.2967,0.8298,1.1265
65200,0.2967,0.828,1.1247
65300,0.2984,0.8276,1.126
65400,0.297,0.829,1.126
65500,0.2966,0.8288,1.1254
65600,0.2969,0.8275,1.1244
65700,0.2957,0.8266,1.1223
65800,0.297,0.8275,1.1245
65900,0.297,0.8289,1.1259
66000,0.297,0.8274,1.1244
66100,0.2979,0.8272,1.1251
66200,0.2968,0.8288,1.1256
66300,0.2977,0.8274,1.1251
66400,0.2963,0.8272,1.1235
66500,0.2968,0.8286,1.1254
66600,0.2964,0.8279,1.1242999999999999
66700,0.2973,0.8273,1.1246
66800,0.2955,0.8289,1.1244
66900,0.2957,0.8267,1.1224
67000,0.297,0.8293,1.1263
67100,0.2962,0.8282,1.1244
67200,0.2972,0.8279,1.1251
67300,0.2959,0.8274,1.1233
67400,0.2967,0.8278,1.1245
67500,0.2973,0.8267,1.124
67600,0.2967,0.8293,1.1260000000000001
67700,0.2967,0.8252,1.1219000000000001
67800,0.2981,0.828,1.1260999999999999
67900,0.2983,0.8303,1.1286
68000,0.2956,0.8277,1.1233
68100,0.2967,0.8284,1.1251
68200,0.298,0.8288,1.1268
68300,0.2971,0.8267,1.1238
68400,0.2977,0.829,1.1267
68500,0.2983,0.8285,1.1268
68600,0.297,0.8283,1.1253
68700,0.297,0.828,1.125
68800,0.2966,0.8294,1.126
68900,0.2964,0.8288,1.1252
69000,0.2961,0.8283,1.1244
69100,0.2968,0.8273,1.1241
69200,0.2971,0.8279,1.125
69300,0.2965,0.8285,1.125
69400,0.2961,0.8276,1.1237
69500,0.2969,0.8273,1.1242
69600,0.297,0.8287,1.1257
69700,0.2975,0.8276,1.1251
69800,0.2966,0.8269,1.1235
69900,0.2974,0.8286,1.126
70000,0.2978,0.8302,1.1280000000000001
70100,0.2968,0.8272,1.124
70200,0.2966,0.8288,1.1254
70300,0.2968,0.8269,1.1237
70400,0.2968,0.8292,1.1260000000000001
70500,0.2969,0.8276,1.1245
70600,0.2968,0.8286,1.1254
70700,0.2985,0.8287,1.1272
70800,0.2984,0.8285,1.1269
70900,0.2968,0.8296,1.1264
71000,0.2964,0.8289,1.1253
71100,0.2965,0.8298,1.1263
71200,0.2959,0.8281,1.1239999999999999
71300,0.2968,0.8283,1.1251
71400,0.2949,0.8279,1.1228
71500,0.2954,0.8278,1.1232
71600,0.2978,0.8283,1.1261
71700,0.2967,0.8288,1.1255
71800,0.2964,0.828,1.1244
71900,0.2974,0.8271,1.1244999999999998
72000,0.2974,0.8279,1.1253
72100,0.2974,0.8283,1.1257000000000001
72200,0.2976,0.8276,1.1252
72300,0.2978,0.8275,1.1253
72400,0.2971,0.8287,1.1258
72500,0.2966,0.8277,1.1242999999999999
72600,0.2967,0.8278,1.1245
72700,0.2987,0.8282,1.1269
72800,0.2964,0.8275,1.1239
72900,0.2966,0.828,1.1246
73000,0.297,0.8286,1.1256
73100,0.2973,0.8264,1.1237
73200,0.2967,0.8275,1.1242
73300,0.2955,0.8284,1.1239
73400,0.2973,0.83,1.1273
73500,0.2971,0.8288,1.1259
73600,0.2955,0.8264,1.1219000000000001
73700,0.297,0.8276,1.1246
73800,0.2976,0.828,1.1256
73900,0.2974,0.8295,1.1269
74000,0.2969,0.8292,1.1261
74100,0.2983,0.8285,1.1268
74200,0.2971,0.8302,1.1273
74300,0.2968,0.8276,1.1244
74400,0.2971,0.8298,1.1269
74500,0.2964,0.8279,1.1242999999999999
74600,0.2981,0.8279,1.126
74700,0.2957,0.8271,1.1228
74800,0.2965,0.8285,1.125
74900,0.2972,0.8273,1.1245
75000,0.2972,0.8269,1.1240999999999999
75100,0.2968,0.8276,1.1244
75200,0.2968,0.8289,1.1257
75300,0.296,0.8296,1.1256
75400,0.295,0.8292,1.1242
75500,0.2964,0.8297,1.1261
75600,0.2959,0.8285,1.1244
75700,0.295,0.8274,1.1224
75800,0.2972,0.8286,1.1258
75900,0.2982,0.8292,1.1274000000000002
76000,0.297,0.8283,1.1253
76100,0.2972,0.828,1.1252
76200,0.2987,0.8283,1.127
76300,0.297,0.8258,1.1228
76400,0.2975,0.8285,1.126
76500,0.2979,0.815,1.1129
76600,0.2981,0.8126,1.1107
76700,0.2971,0.8117,1.1088
76800,0.2975,0.811,1.1085
76900,0.2982,0.8097,1.1078999999999999
77000,0.2974,0.8086,1.1059999999999999
77100,0.2974,0.8043,1.1017000000000001
77200,0.2981,0.7698,1.0679
77300,0.3,0.7152,1.0151999999999999
77400,0.2989,0.6958,0.9946999999999999
77500,0.2984,0.6898,0.9882
77600,0.2971,0.6841,0.9812000000000001
77700,0.2978,0.6777,0.9755
77800,0.2975,0.6769,0.9743999999999999
77900,0.2984,0.6744,0.9728
78000,0.3003,0.674,0.9743
78100,0.2977,0.6732,0.9709000000000001
78200,0.2973,0.6725,0.9698
78300,0.2983,0.6733,0.9716
78400,0.2997,0.6707,0.9703999999999999
78500,0.2973,0.671,0.9683
78600,0.2985,0.6722,0.9707
78700,0.2974,0.6697,0.9671
78800,0.2969,0.6705,0.9674
78900,0.298,0.6689,0.9669000000000001
79000,0.2979,0.6674,0.9653
79100,0.2976,0.6703,0.9679
79200,0.2973,0.6698,0.9671
79300,0.2976,0.6679,0.9655
79400,0.2972,0.6675,0.9647
79500,0.2983,0.6685,0.9668
79600,0.2981,0.6679,0.966
79700,0.2961,0.6684,0.9644999999999999
79800,0.2957,0.6684,0.9641
79900,0.2954,0.6696,0.965
80000,0.297,0.6717,0.9686999999999999
80100,0.2978,0.6741,0.9719
80200,0.297,0.6743,0.9713
80300,0.2958,0.6735,0.9693
80400,0.296,0.673,0.9690000000000001
80500,0.2981,0.6726,0.9706999999999999
80600,0.2974,0.6726,0.97
80700,0.298,0.672,0.97
80800,0.2968,0.6722,0.9690000000000001
80900,0.2975,0.6716,0.9691
81000,0.2975,0.671,0.9685
81100,0.2966,0.6712,0.9678
81200,0.2973,0.6722,0.9695
81300,0.2977,0.6715,0.9692000000000001
81400,0.2967,0.6716,0.9682999999999999
81500,0.2976,0.6715,0.9691
81600,0.2965,0.6706,0.9671
81700,0.2964,0.6697,0.9661
81800,0.2947,0.6716,0.9662999999999999
81900,0.2969,0.6705,0.9674
82000,0.2958,0.6692,0.9650000000000001
82100,0.2951,0.6699,0.9650000000000001
82200,0.2958,0.6685,0.9642999999999999
82300,0.2967,0.6679,0.9646000000000001
82400,0.2969,0.6681,0.9650000000000001
82500,0.2969,0.6657,0.9625999999999999
82600,0.298,0.6626,0.9605999999999999
82700,0.2975,0.6602,0.9577
82800,0.2967,0.6567,0.9534
82900,0.298,0.6562,0.9541999999999999
83000,0.2974,0.6543,0.9517
83100,0.296,0.6484,0.9443999999999999
83200,0.2997,0.5976,0.8973
83300,0.2998,0.5342,0.8340000000000001
83400,0.301,0.5028,0.8038000000000001
83500,0.3007,0.4963,0.797
83600,0.3004,0.4943,0.7947
83700,0.3005,0.494,0.7945
83800,0.2997,0.4926,0.7923
83900,0.2995,0.4902,0.7897000000000001
84000,0.2973,0.4876,0.7848999999999999
84100,0.2977,0.4897,0.7874000000000001
84200,0.2993,0.4737,0.773
84300,0.2999,0.4148,0.7147
84400,0.3014,0.3766,0.6779999999999999
84500,0.3026,0.3473,0.6498999999999999
84600,0.3006,0.3216,0.6222
84700,0.3013,0.3163,0.6176
84800,0.3018,0.3093,0.6111
84900,0.2995,0.3051,0.6046
85000,0.3005,0.2589,0.5594
85100,0.3023,0.2146,0.5169
85200,0.304,0.1892,0.49319999999999997
85300,0.3056,0.1814,0.487
85400,0.3034,0.1706,0.474
85500,0.3033,0.1646,0.4679
85600,0.3055,0.1645,0.47
85700,0.3043,0.1599,0.4642
85800,0.3023,0.1563,0.4586
85900,0.3027,0.1518,0.4545
86000,0.3019,0.148,0.44989999999999997
86100,0.3034,0.1489,0.45230000000000004
86200,0.303,0.1442,0.4472
86300,0.303,0.1461,0.4491
86400,0.3035,0.1393,0.44279999999999997
86500,0.3031,0.1365,0.4396
86600,0.3026,0.1382,0.44079999999999997
86700,0.303,0.1432,0.4462
86800,0.3034,0.1428,0.44620000000000004
86900,0.302,0.1432,0.4452
87000,0.3017,0.1485,0.45020000000000004
87100,0.3019,0.1427,0.4446
87200,0.2995,0.1401,0.4396
87300,0.3013,0.1384,0.4397
87400,0.3013,0.1359,0.43720000000000003
87500,0.301,0.1356,0.4366
87600,0.3012,0.1341,0.4353
87700,0.3013,0.1353,0.4366
87800,0.2985,0.1367,0.4352
87900,0.3003,0.1346,0.4349
88000,0.3007,0.1324,0.43310000000000004
88100,0.3007,0.1335,0.43420000000000003
88200,0.299,0.1309,0.42989999999999995
88300,0.3003,0.1341,0.4344
88400,0.3017,0.1302,0.43190000000000006
88500,0.2997,0.1291,0.4288
88600,0.3,0.1283,0.4283
88700,0.3004,0.1311,0.4315
88800,0.3017,0.1291,0.4308
88900,0.3007,0.1279,0.42860000000000004
89000,0.3007,0.1285,0.4292
89100,0.3015,0.128,0.4295
89200,0.3,0.126,0.426
89300,0.2982,0.1285,0.4267
89400,0.2983,0.1258,0.42410000000000003
89500,0.2984,0.1241,0.4225
89600,0.299,0.1244,0.4234
89700,0.299,0.1233,0.4223
89800,0.2993,0.1228,0.42210000000000003
89900,0.3002,0.1221,0.4223
90000,0.2979,0.1238,0.42169999999999996
90100,0.2994,0.1233,0.4227
90200,0.2984,0.1223,0.4207
90300,0.2982,0.1216,0.4198
90400,0.2982,0.1213,0.41950000000000004
90500,0.2987,0.1208,0.41950000000000004
90600,0.3005,0.1222,0.42269999999999996
90700,0.2997,0.1208,0.42050000000000004
90800,0.3,0.1225,0.4225
90900,0.2986,0.121,0.4196
91000,0.2989,0.1199,0.4188
91100,0.2986,0.118,0.41659999999999997
91200,0.2986,0.1186,0.41719999999999996
91300,0.2979,0.1174,0.4153
91400,0.2985,0.1168,0.4153
91500,0.2976,0.1175,0.41509999999999997
91600,0.2983,0.1169,0.4152
91700,0.2985,0.1183,0.4168
91800,0.2984,0.1176,0.416
91900,0.2969,0.1167,0.41359999999999997
92000,0.2969,0.1162,0.4131
92100,0.2985,0.1171,0.41559999999999997
92200,0.2981,0.1155,0.41359999999999997
92300,0.2958,0.1159,0.4117
92400,0.2974,0.1141,0.4115
92500,0.297,0.1144,0.4114
92600,0.2987,0.1138,0.41250000000000003
92700,0.2989,0.1136,0.4125
92800,0.2982,0.1116,0.40980000000000005
92900,0.2978,0.1144,0.4122
93000,0.2986,0.1128,0.4114
93100,0.2994,0.1113,0.4107
93200,0.2986,0.1115,0.41009999999999996
93300,0.299,0.1109,0.4099
93400,0.2981,0.1102,0.4083
93500,0.2984,0.1104,0.4088
93600,0.2985,0.1099,0.4084
93700,0.2986,0.1104,0.409
93800,0.2979,0.1105,0.4084
93900,0.2991,0.1091,0.4082
94000,0.2976,0.1097,0.4073
94100,0.2967,0.1079,0.4046
94200,0.2974,0.1085,0.4059
94300,0.2985,0.1076,0.4061
94400,0.2985,0.1085,0.407
94500,0.2975,0.1064,0.4039
94600,0.2978,0.107,0.4048
94700,0.2976,0.1071,0.40469999999999995
94800,0.298,0.107,0.40499999999999997
94900,0.298,0.1062,0.4042
95000,0.2994,0.108,0.4074
95100,0.2964,0.1068,0.4032
95200,0.2981,0.1074,0.40549999999999997
95300,0.2965,0.1069,0.4034
95400,0.2964,0.1074,0.4038
95500,0.2982,0.1069,0.4051
95600,0.2969,0.1071,0.404
95700,0.296,0.1066,0.40259999999999996
95800,0.2963,0.1056,0.40190000000000003
95900,0.2963,0.1065,0.4028
96000,0.2957,0.105,0.4007
96100,0.2962,0.1053,0.4015
96200,0.2961,0.1045,0.40059999999999996
96300,0.2937,0.1044,0.3981
96400,0.2957,0.1044,0.4001
96500,0.2951,0.1045,0.39959999999999996
96600,0.2945,0.1032,0.3977
96700,0.2945,0.1036,0.3981
96800,0.2939,0.1029,0.3968
96900,0.2934,0.1036,0.397
97000,0.294,0.1014,0.3954
97100,0.2931,0.1043,0.39740000000000003
97200,0.2922,0.1043,0.3965
97300,0.2932,0.1041,0.3973
97400,0.293,0.1049,0.3979
97500,0.2921,0.1047,0.39680000000000004
97600,0.2917,0.1031,0.39480000000000004
97700,0.2905,0.1048,0.3953
97800,0.2905,0.1039,0.3944
97900,0.2901,0.1024,0.3925
98000,0.2896,0.1031,0.39270000000000005
98100,0.2885,0.103,0.39149999999999996
98200,0.289,0.1018,0.3908
98300,0.2894,0.1011,0.39049999999999996
98400,0.2889,0.1016,0.39049999999999996
98500,0.2881,0.1011,0.3892
98600,0.2877,0.0999,0.3876
98700,0.2883,0.0993,0.3876
98800,0.2878,0.1002,0.388
98900,0.289,0.0991,0.3881
99000,0.2876,0.0987,0.38630000000000003
99100,0.2869,0.0964,0.3833
99200,0.2881,0.0988,0.3869
99300,0.2866,0.0985,0.3851
99400,0.2878,0.0969,0.3847
99500,0.2879,0.098,0.3859
99600,0.2872,0.0976,0.38480000000000003
99700,0.2858,0.0958,0.3816
99800,0.2855,0.0968,0.3823
99900,0.2842,0.0972,0.3814
100000,0.2853,0.0965,0.38180000000000003
100100,0.2857,0.0958,0.3815
100200,0.2849,0.0956,0.3805
100300,0.2853,0.0959,0.3812
100400,0.2857,0.0961,0.38180000000000003
100500,0.2853,0.0956,0.3809
100600,0.2852,0.0944,0.3796
100700,0.2851,0.094,0.3791
100800,0.2847,0.0923,0.377
100900,0.2832,0.0933,0.3765
101000,0.2846,0.0923,0.3769
101100,0.2847,0.0925,0.3772
101200,0.2847,0.0905,0.3752
101300,0.2856,0.0919,0.3775
101400,0.285,0.0921,0.3771
101500,0.2859,0.0918,0.3777
101600,0.2846,0.0916,0.37620000000000003
101700,0.2855,0.0921,0.3776
101800,0.2836,0.0912,0.3748
101900,0.2852,0.0917,0.3769
102000,0.2844,0.0909,0.37529999999999997
102100,0.2845,0.0893,0.37379999999999997
102200,0.2863,0.0901,0.3764
102300,0.2844,0.0887,0.3731
102400,0.2846,0.09,0.37460000000000004
102500,0.284,0.0883,0.37229999999999996
102600,0.2841,0.0881,0.37220000000000003
102700,0.2836,0.0881,0.37170000000000003
102800,0.2837,0.0877,0.3714
102900,0.2845,0.0863,0.37079999999999996
103000,0.285,0.0869,0.3719
103100,0.2858,0.0863,0.3721
103200,0.2856,0.0864,0.372
103300,0.2863,0.0848,0.3711
103400,0.2853,0.0856,0.3709
103500,0.2865,0.0855,0.372
103600,0.2862,0.0841,0.3703
103700,0.2868,0.0841,0.3709
103800,0.2876,0.085,0.37260000000000004
103900,0.2875,0.0836,0.3711
104000,0.2887,0.0835,0.37220000000000003
104100,0.2882,0.0845,0.37270000000000003
104200,0.2877,0.0838,0.3715
104300,0.2886,0.0838,0.3724
104400,0.2884,0.0833,0.3717
104500,0.2885,0.0833,0.37179999999999996
104600,0.2884,0.0825,0.3709
104700,0.2867,0.0826,0.3693
104800,0.2859,0.0816,0.3675
104900,0.2864,0.082,0.3684
105000,0.2864,0.0817,0.3681
